user_id,tag
1,not_cdo
1,participant
2,not_cdo
3,labs
3,mind
3,not_cdo
3,old
3,participant
3,sport
4,labs
4,mind
4,not_cdo
4,old
4,participant
4,sport
5,labs
5,mind
5,not_kid
5,old
5,participant
5,sport
6,labs
6,mind
6,not_cdo
6,old
6,participant
6,sport
7,labs
7,mind
7,not_cdo
7,old
7,participant
7,sport
10,labs
10,mind
10,not_cdo
10,old
10,participant
10,sport
11,kids
11,not_cdo
11,participant
12,kids
12,not_cdo
12,participant
13,kids
13,not_cdo
13,participant
14,kids
14,not_cdo
14,participant
15,kids
15,not_cdo
15,participant
16,kids
16,not_cdo
16,participant
17,kids
17,not_cdo
17,participant
18,kids
18,not_cdo
18,participant
19,kids
19,not_cdo
19,participant
20,kids
20,not_cdo
20,participant
21,kids
21,not_cdo
21,participant
22,kids
22,not_cdo
22,participant
23,kids
23,not_cdo
23,participant
24,kids
24,not_cdo
24,participant
25,kids
25,not_cdo
25,participant
26,kids
26,not_cdo
26,participant
27,kids
27,not_cdo
27,participant
28,kids
28,not_cdo
28,participant
29,kids
29,not_cdo
29,participant
30,kids
30,not_cdo
30,participant
31,kids
31,not_cdo
31,participant
32,kids
32,not_cdo
32,participant
33,kids
33,not_cdo
33,participant
34,kids
34,not_cdo
34,participant
35,kids
35,not_cdo
35,participant
36,kids
36,not_cdo
36,participant
37,kids
37,not_cdo
37,participant
38,kids
38,not_cdo
38,participant
39,kids
39,not_cdo
39,participant
40,kids
40,not_cdo
40,participant
41,kids
41,not_cdo
41,participant
42,kids
42,not_cdo
42,participant
43,kids
43,not_cdo
43,participant
44,kids
44,not_cdo
44,participant
45,kids
45,not_cdo
45,participant
46,kids
46,not_cdo
46,participant
47,kids
47,not_cdo
47,participant
48,kids
48,not_cdo
48,participant
49,kids
49,not_cdo
49,participant
50,kids
50,not_cdo
50,participant
51,kids
51,not_cdo
51,participant
52,kids
52,not_cdo
52,participant
53,kids
53,not_cdo
53,participant
54,kids
54,not_cdo
54,participant
55,kids
55,not_cdo
55,participant
56,kids
56,not_cdo
56,participant
57,kids
57,not_cdo
57,participant
58,kids
58,not_cdo
58,participant
59,kids
59,not_cdo
59,participant
60,kids
60,not_cdo
60,participant
61,kids
61,not_cdo
61,participant
62,kids
62,not_cdo
62,participant
63,kids
63,not_cdo
63,participant
64,kids
64,not_cdo
64,participant
65,kids
65,not_cdo
65,participant
66,kids
66,not_cdo
66,participant
67,kids
67,not_cdo
67,participant
68,kids
68,not_cdo
68,participant
69,kids
69,not_cdo
69,participant
70,kids
70,not_cdo
70,participant
71,kids
71,not_cdo
71,participant
72,kids
72,not_cdo
72,participant
73,kids
73,not_cdo
73,participant
74,kids
74,not_cdo
74,participant
75,kids
75,not_cdo
75,participant
76,kids
76,not_cdo
76,participant
77,77
77,kids
77,not_cdo
77,participant
78,kids
78,not_cdo
78,participant
79,kids
79,not_cdo
79,participant
80,kids
80,not_cdo
80,participant
81,kids
81,not_cdo
81,participant
82,kids
82,not_cdo
82,participant
83,kids
83,not_cdo
83,participant
84,kids
84,not_cdo
84,participant
85,kids
85,not_cdo
85,participant
86,kids
86,not_cdo
86,participant
87,kids
87,not_cdo
87,participant
88,kids
88,not_cdo
88,participant
89,kids
89,not_cdo
89,participant
90,kids
90,not_cdo
90,participant
91,kids
91,not_cdo
91,participant
92,kids
92,not_cdo
92,participant
93,kids
93,not_cdo
93,participant
94,kids
94,not_cdo
94,participant
95,kids
95,not_cdo
95,participant
96,kids
96,not_cdo
96,participant
97,kids
97,not_cdo
97,participant
98,kids
98,not_cdo
98,participant
99,kids
99,not_cdo
99,participant
100,kids
100,not_cdo
100,participant
101,kids
101,not_cdo
101,participant
102,kids
102,not_cdo
102,participant
103,kids
103,not_cdo
103,participant
104,kids
104,not_cdo
104,participant
105,kids
105,not_cdo
105,participant
106,kids
106,not_cdo
106,participant
107,kids
107,not_cdo
107,participant
108,kids
108,not_cdo
108,participant
109,kids
109,not_cdo
109,participant
110,kids
110,not_cdo
110,participant
111,kids
111,not_cdo
111,participant
112,kids
112,not_cdo
112,participant
113,kids
113,not_cdo
113,participant
114,kids
114,not_cdo
114,participant
115,kids
115,not_cdo
115,participant
116,kids
116,not_cdo
116,participant
117,kids
117,not_cdo
117,participant
118,labs
118,mind
118,not_cdo
118,old
118,participant
118,sport
119,labs
119,mind
119,not_cdo
119,old
119,participant
119,sport
120,labs
120,mind
120,not_cdo
120,old
120,participant
120,sport
121,labs
121,mind
121,not_cdo
121,old
121,participant
121,sport
122,labs
122,mind
122,not_cdo
122,old
122,participant
122,sport
123,labs
123,mind
123,not_cdo
123,old
123,participant
123,sport
124,labs
124,mind
124,not_cdo
124,old
124,participant
124,sport
125,labs
125,mind
125,not_cdo
125,old
125,participant
125,sport
126,labs
126,mind
126,not_cdo
126,old
126,participant
126,sport
127,labs
127,mind
127,not_cdo
127,old
127,participant
127,sport
128,labs
128,mind
128,not_cdo
128,old
128,participant
128,sport
129,labs
129,mind
129,not_cdo
129,old
129,participant
129,sport
130,labs
130,mind
130,not_cdo
130,old
130,participant
130,sport
131,labs
131,mind
131,not_cdo
131,old
131,participant
131,sport
132,labs
132,mind
132,not_cdo
132,old
132,participant
132,sport
133,labs
133,mind
133,not_cdo
133,old
133,participant
133,sport
134,labs
134,mind
134,not_cdo
134,old
134,participant
134,sport
135,labs
135,mind
135,not_cdo
135,old
135,participant
135,sport
136,labs
136,mind
136,not_cdo
136,old
136,participant
136,sport
137,labs
137,mind
137,not_cdo
137,old
137,participant
137,sport
138,labs
138,mind
138,not_cdo
138,old
138,participant
138,sport
139,labs
139,mind
139,not_cdo
139,old
139,participant
139,sport
140,labs
140,mind
140,not_cdo
140,old
140,participant
140,sport
141,labs
141,mind
141,not_cdo
141,old
141,participant
141,sport
142,labs
142,mind
142,not_cdo
142,old
142,participant
142,sport
143,labs
143,mind
143,not_cdo
143,old
143,participant
143,sport
144,labs
144,mind
144,not_cdo
144,old
144,participant
144,sport
145,labs
145,mind
145,not_cdo
145,old
145,participant
145,sport
146,labs
146,mind
146,not_cdo
146,old
146,participant
146,sport
147,labs
147,mind
147,not_cdo
147,old
147,participant
147,sport
148,labs
148,mind
148,not_cdo
148,old
148,participant
148,sport
149,labs
149,mind
149,not_cdo
149,old
149,participant
149,sport
150,labs
150,mind
150,not_cdo
150,old
150,participant
150,sport
151,labs
151,mind
151,not_cdo
151,old
151,participant
151,sport
152,labs
152,mind
152,not_cdo
152,old
152,participant
152,sport
153,labs
153,mind
153,not_cdo
153,old
153,participant
153,sport
154,labs
154,mind
154,not_cdo
154,old
154,participant
154,sport
155,labs
155,mind
155,not_cdo
155,old
155,participant
155,sport
156,labs
156,mind
156,not_cdo
156,old
156,participant
156,sport
157,labs
157,mind
157,not_cdo
157,old
157,participant
157,sport
158,labs
158,mind
158,not_cdo
158,old
158,participant
158,sport
159,labs
159,mind
159,not_cdo
159,old
159,participant
159,sport
160,labs
160,mind
160,not_cdo
160,old
160,participant
160,sport
161,labs
161,mind
161,not_cdo
161,old
161,participant
161,sport
162,labs
162,mind
162,not_cdo
162,old
162,participant
162,sport
163,labs
163,mind
163,not_cdo
163,old
163,participant
163,sport
164,labs
164,mind
164,not_cdo
164,old
164,participant
164,sport
165,labs
165,mind
165,not_cdo
165,old
165,participant
165,sport
166,labs
166,mind
166,not_cdo
166,old
166,participant
166,sport
167,labs
167,mind
167,not_cdo
167,old
167,participant
167,sport
168,labs
168,mind
168,not_cdo
168,old
168,participant
168,sport
169,labs
169,mind
169,not_cdo
169,old
169,participant
169,sport
170,labs
170,mind
170,not_cdo
170,old
170,participant
170,sport
171,labs
171,mind
171,not_cdo
171,old
171,participant
171,sport
172,labs
172,mind
172,not_cdo
172,old
172,participant
172,sport
173,labs
173,mind
173,not_cdo
173,old
173,participant
173,sport
174,labs
174,mind
174,not_cdo
174,old
174,participant
174,sport
175,labs
175,mind
175,not_cdo
175,old
175,participant
175,sport
176,labs
176,mind
176,not_cdo
176,old
176,participant
176,sport
177,labs
177,mind
177,not_cdo
177,old
177,participant
177,sport
178,labs
178,mind
178,not_cdo
178,old
178,participant
178,sport
179,labs
179,mind
179,not_cdo
179,old
179,participant
179,sport
180,labs
180,mind
180,not_cdo
180,old
180,participant
180,sport
181,labs
181,mind
181,not_cdo
181,old
181,participant
181,sport
182,labs
182,mind
182,not_cdo
182,old
182,participant
182,sport
183,labs
183,mind
183,not_cdo
183,old
183,participant
183,sport
184,labs
184,mind
184,not_cdo
184,old
184,participant
184,sport
185,labs
185,mind
185,not_cdo
185,old
185,participant
185,sport
186,labs
186,mind
186,not_cdo
186,old
186,participant
186,sport
187,labs
187,mind
187,not_cdo
187,old
187,participant
187,sport
188,labs
188,mind
188,not_cdo
188,old
188,participant
188,sport
189,labs
189,mind
189,not_cdo
189,old
189,participant
189,sport
190,labs
190,mind
190,not_cdo
190,old
190,participant
190,sport
191,labs
191,mind
191,not_cdo
191,old
191,participant
191,sport
192,labs
192,mind
192,not_cdo
192,old
192,participant
192,sport
193,labs
193,mind
193,not_cdo
193,old
193,participant
193,sport
194,labs
194,mind
194,not_cdo
194,old
194,participant
194,sport
195,labs
195,mind
195,not_cdo
195,old
195,participant
195,sport
196,labs
196,mind
196,not_cdo
196,old
196,participant
196,sport
197,labs
197,mind
197,not_cdo
197,old
197,participant
197,sport
198,labs
198,mind
198,not_cdo
198,old
198,participant
198,sport
199,labs
199,mind
199,not_cdo
199,old
199,participant
199,sport
200,labs
200,mind
200,not_cdo
200,old
200,participant
200,sport
201,labs
201,mind
201,not_cdo
201,old
201,participant
201,sport
202,labs
202,mind
202,not_cdo
202,old
202,participant
202,sport
203,labs
203,mind
203,not_cdo
203,old
203,participant
203,sport
204,labs
204,mind
204,not_cdo
204,old
204,participant
204,sport
205,labs
205,mind
205,not_cdo
205,old
205,participant
205,sport
206,labs
206,mind
206,not_cdo
206,old
206,participant
206,sport
207,labs
207,mind
207,not_cdo
207,old
207,participant
207,sport
208,labs
208,mind
208,not_cdo
208,old
208,participant
208,sport
209,labs
209,mind
209,not_cdo
209,old
209,participant
209,sport
210,cdo
210,old
210,participant
210,sport
211,cdo
211,old
211,participant
211,sport
212,cdo
212,old
212,participant
212,sport
213,cdo
213,old
213,participant
213,sport
214,cdo
214,old
214,participant
214,sport
215,cdo
215,old
215,participant
215,sport
216,cdo
216,old
216,participant
216,sport
217,cdo
217,old
217,participant
217,sport
218,cdo
218,old
218,participant
218,sport
219,cdo
219,old
219,participant
219,sport
220,cdo
220,old
220,participant
220,sport
221,cdo
221,old
221,participant
221,sport
222,cdo
222,old
222,participant
222,sport
223,cdo
223,old
223,participant
223,sport
224,cdo
224,old
224,participant
224,sport
225,cdo
225,old
225,participant
225,sport
226,cdo
226,old
226,participant
226,sport
227,cdo
227,old
227,participant
227,sport
228,cdo
228,old
228,participant
228,sport
229,cdo
229,old
229,participant
229,sport
230,cdo
230,old
230,participant
230,sport
231,cdo
231,old
231,participant
231,sport
232,cdo
232,old
232,participant
232,sport
233,cdo
233,old
233,participant
233,sport
234,cdo
234,old
234,participant
234,sport
235,cdo
235,old
235,participant
235,sport
236,cdo
236,old
236,participant
236,sport
237,cdo
237,old
237,participant
237,sport
238,cdo
238,old
238,participant
238,sport
239,cdo
239,old
239,participant
239,sport
240,cdo
240,old
240,participant
240,sport
241,cdo
241,old
241,participant
241,sport
242,cdo
242,old
242,participant
242,sport
243,cdo
243,old
243,participant
243,sport
244,cdo
244,old
244,participant
244,sport
245,cdo
245,old
245,participant
245,sport
246,cdo
246,old
246,participant
246,sport
247,cdo
247,old
247,participant
247,sport
248,cdo
248,old
248,participant
248,sport
249,cdo
249,old
249,participant
249,sport
250,cdo
250,old
250,participant
250,sport
251,cdo
251,old
251,participant
251,sport
252,cdo
252,old
252,participant
252,sport
253,cdo
253,old
253,participant
253,sport
254,cdo
254,old
254,participant
254,sport
255,cdo
255,old
255,participant
255,sport
256,cdo
256,old
256,participant
256,sport
257,cdo
257,old
257,participant
257,sport
258,cdo
258,old
258,participant
258,sport
259,cdo
259,old
259,participant
259,sport
260,cdo
260,old
260,participant
260,sport
261,cdo
261,old
261,participant
261,sport
262,cdo
262,old
262,participant
262,sport
263,cdo
263,old
263,participant
263,sport
264,cdo
264,old
264,participant
264,sport
265,cdo
265,old
265,participant
265,sport
266,cdo
266,old
266,participant
266,sport
267,cdo
267,old
267,participant
267,sport
268,cdo
268,old
268,participant
268,sport
269,cdo
269,old
269,participant
269,sport
270,cdo
270,old
270,participant
270,sport
271,cdo
271,old
271,participant
271,sport
272,cdo
272,old
272,participant
272,sport
273,cdo
273,old
273,participant
273,sport
274,cdo
274,old
274,participant
274,sport
275,cdo
275,old
275,participant
275,sport
276,cdo
276,old
276,participant
276,sport
277,cdo
277,old
277,participant
277,sport
278,cdo
278,old
278,participant
278,sport
279,cdo
279,old
279,participant
279,sport
280,cdo
280,old
280,participant
280,sport
281,cdo
281,old
281,participant
281,sport
282,cdo
282,old
282,participant
282,sport
283,cdo
283,old
283,participant
283,sport
284,cdo
284,old
284,participant
284,sport
285,cdo
285,old
285,participant
285,sport
286,cdo
286,old
286,participant
286,sport
287,cdo
287,old
287,participant
287,sport
288,cdo
288,old
288,participant
288,sport
289,cdo
289,old
289,participant
289,sport
290,cdo
290,old
290,participant
290,sport
291,cdo
291,old
291,participant
291,sport
292,cdo
292,old
292,participant
292,sport
293,labs
293,mind
293,not_cdo
293,old
293,participant
293,sport
294,cdo
294,old
294,participant
294,sport
295,cdo
295,old
295,participant
295,sport
296,cdo
296,old
296,participant
296,sport
297,cdo
297,old
297,participant
297,sport
298,cdo
298,old
298,participant
298,sport
299,cdo
299,old
299,participant
299,sport
300,cdo
300,old
300,participant
300,sport
301,cdo
301,old
301,participant
301,sport
302,cdo
302,old
302,participant
302,sport
303,cdo
303,old
303,participant
303,sport
304,cdo
304,old
304,participant
304,sport
305,cdo
305,old
305,participant
305,sport
306,cdo
306,old
306,participant
306,sport
307,cdo
307,old
307,participant
307,sport
308,cdo
308,old
308,participant
308,sport
309,cdo
309,old
309,participant
309,sport
310,cdo
310,old
310,participant
310,sport
311,cdo
311,old
311,participant
311,sport
312,cdo
312,old
312,participant
312,sport
313,cdo
313,old
313,participant
313,sport
314,cdo
314,old
314,participant
314,sport
315,cdo
315,old
315,participant
315,sport
316,cdo
316,old
316,participant
316,sport
317,cdo
317,old
317,participant
317,sport
318,cdo
318,old
318,participant
318,sport
319,cdo
319,old
319,participant
319,sport
320,cdo
320,old
320,participant
320,sport
321,cdo
321,old
321,participant
321,sport
322,cdo
322,old
322,participant
322,sport
323,cdo
323,old
323,participant
323,sport
324,cdo
324,old
324,participant
324,sport
325,cdo
325,old
325,participant
325,sport
326,cdo
326,old
326,participant
326,sport
327,cdo
327,old
327,participant
327,sport
328,cdo
328,old
328,participant
328,sport
329,cdo
329,old
329,participant
329,sport
330,cdo
330,old
330,participant
330,sport
331,cdo
331,old
331,participant
331,sport
332,cdo
332,old
332,participant
332,sport
333,cdo
333,old
333,participant
333,sport
334,cdo
334,old
334,participant
334,sport
335,cdo
335,old
335,participant
335,sport
336,cdo
336,old
336,participant
336,sport
337,cdo
337,old
337,participant
337,sport
338,cdo
338,old
338,participant
338,sport
339,cdo
339,old
339,participant
339,sport
340,cdo
340,old
340,participant
340,sport
341,cdo
341,old
341,participant
341,sport
342,cdo
342,old
342,participant
342,sport
343,cdo
343,old
343,participant
343,sport
344,cdo
344,old
344,participant
344,sport
345,cdo
345,old
345,participant
345,sport
346,labs
346,mind
346,not_cdo
346,old
346,participant
346,sport
347,cdo
347,old
347,participant
347,sport
348,cdo
348,old
348,participant
348,sport
349,cdo
349,old
349,participant
349,sport
350,cdo
350,old
350,participant
350,sport
351,cdo
351,old
351,participant
351,sport
352,cdo
352,old
352,participant
352,sport
353,cdo
353,old
353,participant
353,sport
354,cdo
354,old
354,participant
354,sport
355,cdo
355,old
355,participant
355,sport
356,cdo
356,old
356,participant
356,sport
357,cdo
357,old
357,participant
357,sport
358,cdo
358,old
358,participant
358,sport
359,cdo
359,old
359,participant
359,sport
360,cdo
360,old
360,participant
360,sport
361,cdo
361,old
361,participant
361,sport
362,cdo
362,old
362,participant
362,sport
363,cdo
363,old
363,participant
363,sport
364,cdo
364,old
364,participant
364,sport
365,cdo
365,old
365,participant
365,sport
366,cdo
366,old
366,participant
366,sport
367,cdo
367,old
367,participant
367,sport
368,cdo
368,old
368,participant
368,sport
369,cdo
369,old
369,participant
369,sport
370,cdo
370,old
370,participant
370,sport
371,cdo
371,old
371,participant
371,sport
372,cdo
372,old
372,participant
372,sport
373,cdo
373,old
373,participant
373,sport
374,cdo
374,old
374,participant
374,sport
375,cdo
375,old
375,participant
375,sport
376,labs
376,mind
376,not_cdo
376,old
376,participant
376,sport
377,cdo
377,old
377,participant
377,sport
378,cdo
378,old
378,participant
378,sport
379,cdo
379,old
379,participant
379,sport
380,cdo
380,old
380,participant
380,sport
381,cdo
381,old
381,participant
381,sport
382,cdo
382,old
382,participant
382,sport
383,cdo
383,old
383,participant
383,sport
384,cdo
384,old
384,participant
384,sport
385,cdo
385,old
385,participant
385,sport
386,cdo
386,old
386,participant
386,sport
387,cdo
387,old
387,participant
387,sport
388,cdo
388,old
388,participant
388,sport
389,cdo
389,old
389,participant
389,sport
390,cdo
390,old
390,participant
390,sport
391,cdo
391,old
391,participant
391,sport
392,cdo
392,old
392,participant
392,sport
393,cdo
393,old
393,participant
393,sport
394,cdo
394,old
394,participant
394,sport
395,cdo
395,old
395,participant
395,sport
396,cdo
396,old
396,participant
396,sport
397,cdo
397,old
397,participant
397,sport
398,cdo
398,old
398,participant
398,sport
399,cdo
399,old
399,participant
399,sport
400,cdo
400,old
400,participant
400,sport
401,cdo
401,old
401,participant
401,sport
402,cdo
402,old
402,participant
402,sport
403,cdo
403,old
403,participant
403,sport
404,cdo
404,old
404,participant
404,sport
405,labs
405,mind
405,not_cdo
405,old
405,participant
405,sport
406,labs
406,mind
406,not_cdo
406,old
406,participant
406,sport
407,labs
407,mind
407,not_cdo
407,old
407,participant
407,sport
408,labs
408,mind
408,not_cdo
408,old
408,participant
408,sport
409,labs
409,mind
409,not_cdo
409,old
409,participant
409,sport
410,labs
410,mind
410,not_cdo
410,old
410,participant
410,sport
411,labs
411,mind
411,not_cdo
411,old
411,participant
411,sport
412,labs
412,mind
412,not_cdo
412,old
412,participant
412,sport
413,labs
413,mind
413,not_cdo
413,old
413,participant
413,sport
414,labs
414,mind
414,not_cdo
414,old
414,participant
414,sport
415,labs
415,mind
415,not_cdo
415,old
415,participant
415,sport
416,labs
416,mind
416,not_cdo
416,old
416,participant
416,sport
417,labs
417,mind
417,not_cdo
417,old
417,participant
417,sport
418,labs
418,mind
418,not_cdo
418,old
418,participant
418,sport
419,labs
419,mind
419,not_cdo
419,old
419,participant
419,sport
420,labs
420,mind
420,not_cdo
420,old
420,participant
420,sport
421,labs
421,mind
421,not_cdo
421,old
421,participant
421,sport
422,labs
422,mind
422,not_cdo
422,old
422,participant
422,sport
423,labs
423,mind
423,not_cdo
423,old
423,participant
423,sport
424,labs
424,mind
424,not_cdo
424,old
424,participant
424,sport
425,labs
425,mind
425,not_cdo
425,old
425,participant
425,sport
426,labs
426,mind
426,not_cdo
426,old
426,participant
426,sport
427,labs
427,mind
427,not_cdo
427,old
427,participant
427,sport
428,labs
428,mind
428,not_cdo
428,old
428,participant
428,sport
429,labs
429,mind
429,not_cdo
429,old
429,participant
429,sport
430,labs
430,mind
430,not_cdo
430,old
430,participant
430,sport
431,labs
431,mind
431,not_cdo
431,old
431,participant
431,sport
432,labs
432,mind
432,not_cdo
432,old
432,participant
432,sport
433,labs
433,mind
433,not_cdo
433,old
433,participant
433,sport
434,labs
434,mind
434,not_cdo
434,old
434,participant
434,sport
435,labs
435,mind
435,not_cdo
435,old
435,participant
435,sport
436,labs
436,mind
436,not_cdo
436,old
436,participant
436,sport
437,labs
437,mind
437,not_cdo
437,old
437,participant
437,sport
438,labs
438,mind
438,not_cdo
438,old
438,participant
438,sport
439,labs
439,mind
439,not_cdo
439,old
439,participant
439,sport
440,labs
440,mind
440,not_cdo
440,old
440,participant
440,sport
441,labs
441,mind
441,not_cdo
441,old
441,participant
441,sport
442,labs
442,mind
442,not_cdo
442,old
442,participant
442,sport
443,labs
443,mind
443,not_cdo
443,old
443,participant
443,sport
444,labs
444,mind
444,not_cdo
444,old
444,participant
444,sport
445,labs
445,mind
445,not_cdo
445,old
445,participant
445,sport
446,labs
446,mind
446,not_cdo
446,old
446,participant
446,sport
447,labs
447,mind
447,not_cdo
447,old
447,participant
447,sport
448,labs
448,mind
448,not_cdo
448,old
448,participant
448,sport
449,labs
449,mind
449,not_cdo
449,old
449,participant
449,sport
450,labs
450,mind
450,not_cdo
450,old
450,participant
450,sport
451,labs
451,mind
451,not_cdo
451,old
451,participant
451,sport
452,labs
452,mind
452,not_cdo
452,old
452,participant
452,sport
453,labs
453,mind
453,not_cdo
453,old
453,participant
453,sport
454,labs
454,mind
454,not_cdo
454,old
454,participant
454,sport
455,labs
455,mind
455,not_cdo
455,old
455,participant
455,sport
456,labs
456,mind
456,not_cdo
456,old
456,participant
456,sport
457,labs
457,mind
457,not_cdo
457,old
457,participant
457,sport
458,labs
458,mind
458,not_cdo
458,old
458,participant
458,sport
459,labs
459,mind
459,not_cdo
459,old
459,participant
459,sport
460,labs
460,mind
460,not_cdo
460,old
460,participant
460,sport
461,labs
461,mind
461,not_cdo
461,old
461,participant
461,sport
462,labs
462,mind
462,not_cdo
462,old
462,participant
462,sport
463,labs
463,mind
463,not_cdo
463,old
463,participant
463,sport
464,labs
464,mind
464,not_cdo
464,old
464,participant
464,sport
465,labs
465,mind
465,not_cdo
465,old
465,participant
465,sport
466,labs
466,mind
466,not_cdo
466,old
466,participant
466,sport
467,labs
467,mind
467,not_cdo
467,old
467,participant
467,sport
468,labs
468,mind
468,not_cdo
468,old
468,participant
468,sport
469,labs
469,mind
469,not_cdo
469,old
469,participant
469,sport
470,labs
470,mind
470,not_cdo
470,old
470,participant
470,sport
471,labs
471,mind
471,not_cdo
471,old
471,participant
471,sport
472,labs
472,mind
472,not_cdo
472,old
472,participant
472,sport
473,labs
473,mind
473,not_cdo
473,old
473,participant
473,sport
474,labs
474,mind
474,not_cdo
474,old
474,participant
474,sport
475,labs
475,mind
475,not_cdo
475,old
475,participant
475,sport
476,labs
476,mind
476,not_cdo
476,old
476,participant
476,sport
477,labs
477,mind
477,not_cdo
477,old
477,participant
477,sport
478,labs
478,mind
478,not_cdo
478,old
478,participant
478,sport
479,labs
479,mind
479,not_cdo
479,old
479,participant
479,sport
480,labs
480,mind
480,not_cdo
480,old
480,participant
480,sport
481,labs
481,mind
481,not_cdo
481,old
481,participant
481,sport
482,labs
482,mind
482,not_cdo
482,old
482,participant
482,sport
483,labs
483,mind
483,not_cdo
483,old
483,participant
483,sport
484,labs
484,mind
484,not_cdo
484,old
484,participant
484,sport
485,labs
485,mind
485,not_cdo
485,old
485,participant
485,sport
486,labs
486,mind
486,not_cdo
486,old
486,participant
486,sport
487,labs
487,mind
487,not_cdo
487,old
487,participant
487,sport
488,labs
488,mind
488,not_cdo
488,old
488,participant
488,sport
489,labs
489,mind
489,not_cdo
489,old
489,participant
489,sport
490,labs
490,mind
490,not_cdo
490,old
490,participant
490,sport
491,labs
491,mind
491,not_cdo
491,old
491,participant
491,sport
492,labs
492,mind
492,not_cdo
492,old
492,participant
492,sport
493,labs
493,mind
493,not_cdo
493,old
493,participant
493,sport
494,labs
494,mind
494,not_cdo
494,old
494,participant
494,sport
495,labs
495,mind
495,not_cdo
495,old
495,participant
495,sport
496,labs
496,mind
496,not_cdo
496,old
496,participant
496,sport
497,labs
497,mind
497,not_cdo
497,old
497,participant
497,sport
498,labs
498,mind
498,not_cdo
498,old
498,participant
498,sport
499,labs
499,mind
499,not_cdo
499,old
499,participant
499,sport
500,labs
500,mind
500,not_cdo
500,old
500,participant
500,sport
501,labs
501,mind
501,not_cdo
501,old
501,participant
501,sport
502,labs
502,mind
502,not_cdo
502,old
502,participant
502,sport
503,labs
503,mind
503,not_cdo
503,old
503,participant
503,sport
504,labs
504,mind
504,not_cdo
504,old
504,participant
504,sport
505,labs
505,mind
505,not_cdo
505,old
505,participant
505,sport
506,labs
506,mind
506,not_cdo
506,old
506,participant
506,sport
507,labs
507,mind
507,not_cdo
507,old
507,participant
507,sport
508,labs
508,mind
508,not_cdo
508,old
508,participant
508,sport
509,labs
509,mind
509,not_cdo
509,old
509,participant
509,sport
510,labs
510,mind
510,not_cdo
510,old
510,participant
510,sport
511,labs
511,mind
511,not_cdo
511,old
511,participant
511,sport
512,labs
512,mind
512,not_cdo
512,old
512,participant
512,sport
513,labs
513,mind
513,not_cdo
513,old
513,participant
513,sport
514,labs
514,mind
514,not_cdo
514,old
514,participant
514,sport
515,labs
515,mind
515,not_cdo
515,old
515,participant
515,sport
516,labs
516,mind
516,not_cdo
516,old
516,participant
516,sport
517,labs
517,mind
517,not_cdo
517,old
517,participant
517,sport
518,labs
518,mind
518,not_cdo
518,old
518,participant
518,sport
519,labs
519,mind
519,not_cdo
519,old
519,participant
519,sport
520,labs
520,mind
520,not_cdo
520,old
520,participant
520,sport
521,labs
521,mind
521,not_cdo
521,old
521,participant
521,sport
522,labs
522,mind
522,not_cdo
522,old
522,participant
522,sport
523,labs
523,mind
523,not_cdo
523,old
523,participant
523,sport
524,labs
524,mind
524,not_cdo
524,old
524,participant
524,sport
525,labs
525,mind
525,not_cdo
525,old
525,participant
525,sport
526,labs
526,mind
526,not_cdo
526,old
526,participant
526,sport
527,labs
527,mind
527,not_cdo
527,old
527,participant
527,sport
528,labs
528,mind
528,not_cdo
528,old
528,participant
528,sport
529,labs
529,mind
529,not_cdo
529,old
529,participant
529,sport
530,labs
530,mind
530,not_cdo
530,old
530,participant
530,sport
531,labs
531,mind
531,not_cdo
531,old
531,participant
531,sport
532,labs
532,mind
532,not_cdo
532,old
532,participant
532,sport
533,labs
533,mind
533,not_cdo
533,old
533,participant
533,sport
534,labs
534,mind
534,not_cdo
534,old
534,participant
534,sport
535,labs
535,mind
535,not_cdo
535,old
535,participant
535,sport
536,labs
536,mind
536,not_cdo
536,old
536,participant
536,sport
537,labs
537,mind
537,not_cdo
537,old
537,participant
537,sport
538,labs
538,mind
538,not_cdo
538,old
538,participant
538,sport
539,labs
539,mind
539,not_cdo
539,old
539,participant
539,sport
540,labs
540,mind
540,not_cdo
540,old
540,participant
540,sport
541,labs
541,mind
541,not_cdo
541,old
541,participant
541,sport
542,labs
542,mind
542,not_cdo
542,old
542,participant
542,sport
543,labs
543,mind
543,not_cdo
543,old
543,participant
543,sport
544,labs
544,mind
544,not_cdo
544,old
544,participant
544,sport
545,labs
545,mind
545,not_cdo
545,old
545,participant
545,sport
546,labs
546,mind
546,not_cdo
546,old
546,participant
546,sport
547,labs
547,mind
547,not_cdo
547,old
547,participant
547,sport
548,labs
548,mind
548,not_cdo
548,old
548,participant
548,sport
549,labs
549,mind
549,not_cdo
549,old
549,participant
549,sport
550,labs
550,mind
550,not_cdo
550,old
550,participant
550,sport
551,labs
551,mind
551,not_cdo
551,old
551,participant
551,sport
552,labs
552,mind
552,not_cdo
552,old
552,participant
552,sport
553,labs
553,mind
553,not_cdo
553,old
553,participant
553,sport
554,labs
554,mind
554,not_cdo
554,old
554,participant
554,sport
555,labs
555,mind
555,not_cdo
555,old
555,participant
555,sport
556,labs
556,mind
556,not_cdo
556,old
556,participant
556,sport
557,labs
557,mind
557,not_cdo
557,old
557,participant
557,sport
558,labs
558,mind
558,not_cdo
558,old
558,participant
558,sport
559,labs
559,mind
559,not_cdo
559,old
559,participant
559,sport
560,labs
560,mind
560,not_cdo
560,old
560,participant
560,sport
561,labs
561,mind
561,not_cdo
561,old
561,participant
561,sport
562,labs
562,mind
562,not_cdo
562,old
562,participant
562,sport
563,labs
563,mind
563,not_cdo
563,old
563,participant
563,sport
564,labs
564,mind
564,not_cdo
564,old
564,participant
564,sport
565,labs
565,mind
565,not_cdo
565,old
565,participant
565,sport
566,labs
566,mind
566,not_cdo
566,old
566,participant
566,sport
567,labs
567,mind
567,not_cdo
567,old
567,participant
567,sport
568,labs
568,mind
568,not_cdo
568,old
568,participant
568,sport
569,labs
569,mind
569,not_cdo
569,old
569,participant
569,sport
570,labs
570,mind
570,not_cdo
570,old
570,participant
570,sport
571,labs
571,mind
571,not_cdo
571,old
571,participant
571,sport
572,labs
572,mind
572,not_cdo
572,old
572,participant
572,sport
573,labs
573,mind
573,not_cdo
573,old
573,participant
573,sport
574,labs
574,mind
574,not_cdo
574,old
574,participant
574,sport
575,labs
575,mind
575,not_cdo
575,old
575,participant
575,sport
576,labs
576,mind
576,not_cdo
576,old
576,participant
576,sport
577,labs
577,mind
577,not_cdo
577,old
577,participant
577,sport
578,labs
578,mind
578,not_cdo
578,old
578,participant
578,sport
579,labs
579,mind
579,not_cdo
579,old
579,participant
579,sport
580,labs
580,mind
580,not_cdo
580,old
580,participant
580,sport
581,labs
581,mind
581,not_cdo
581,old
581,participant
581,sport
582,labs
582,mind
582,not_cdo
582,old
582,participant
582,sport
583,labs
583,mind
583,not_cdo
583,old
583,participant
583,sport
584,labs
584,mind
584,not_cdo
584,old
584,participant
584,sport
585,labs
585,mind
585,not_cdo
585,old
585,participant
585,sport
586,labs
586,mind
586,not_cdo
586,old
586,participant
586,sport
587,labs
587,mind
587,not_cdo
587,old
587,participant
587,sport
588,labs
588,mind
588,not_cdo
588,old
588,participant
588,sport
589,labs
589,mind
589,not_cdo
589,old
589,participant
589,sport
590,labs
590,mind
590,not_cdo
590,old
590,participant
590,sport
591,labs
591,mind
591,not_cdo
591,old
591,participant
591,sport
592,labs
592,mind
592,not_cdo
592,old
592,participant
592,sport
593,labs
593,mind
593,not_cdo
593,old
593,participant
593,sport
594,labs
594,mind
594,not_cdo
594,old
594,participant
594,sport
595,labs
595,mind
595,not_cdo
595,old
595,participant
595,sport
596,labs
596,mind
596,not_cdo
596,old
596,participant
596,sport
597,labs
597,mind
597,not_cdo
597,old
597,participant
597,sport
598,labs
598,mind
598,not_cdo
598,old
598,participant
598,sport
599,labs
599,mind
599,not_cdo
599,old
599,participant
599,sport
600,labs
600,mind
600,not_cdo
600,old
600,participant
600,sport
601,labs
601,mind
601,not_cdo
601,old
601,participant
601,sport
602,labs
602,mind
602,not_cdo
602,old
602,participant
602,sport
603,labs
603,mind
603,not_cdo
603,old
603,participant
603,sport
604,labs
604,mind
604,not_cdo
604,old
604,participant
604,sport
605,labs
605,mind
605,not_cdo
605,old
605,participant
605,sport
606,labs
606,mind
606,not_cdo
606,old
606,participant
606,sport
607,labs
607,mind
607,not_cdo
607,old
607,participant
607,sport
608,labs
608,mind
608,not_cdo
608,old
608,participant
608,sport
609,labs
609,mind
609,not_cdo
609,old
609,participant
609,sport
610,labs
610,mind
610,not_cdo
610,old
610,participant
610,sport
611,labs
611,mind
611,not_cdo
611,old
611,participant
611,sport
612,labs
612,mind
612,not_cdo
612,old
612,participant
612,sport
613,labs
613,mind
613,not_cdo
613,old
613,participant
613,sport
614,labs
614,mind
614,not_cdo
614,old
614,participant
614,sport
615,labs
615,mind
615,not_cdo
615,old
615,participant
615,sport
616,labs
616,mind
616,not_cdo
616,old
616,participant
616,sport
617,labs
617,mind
617,not_cdo
617,old
617,participant
617,sport
618,labs
618,mind
618,not_cdo
618,old
618,participant
618,sport
619,labs
619,mind
619,not_cdo
619,old
619,participant
619,sport
620,labs
620,mind
620,not_cdo
620,old
620,participant
620,sport
621,labs
621,mind
621,not_cdo
621,old
621,participant
621,sport
622,labs
622,mind
622,not_cdo
622,old
622,participant
622,sport
623,labs
623,mind
623,not_cdo
623,old
623,participant
623,sport
624,labs
624,mind
624,not_cdo
624,old
624,participant
624,sport
625,labs
625,mind
625,not_cdo
625,old
625,participant
625,sport
626,labs
626,mind
626,not_cdo
626,old
626,participant
626,sport
627,labs
627,mind
627,not_cdo
627,old
627,participant
627,sport
628,labs
628,mind
628,not_cdo
628,old
628,participant
628,sport
629,labs
629,mind
629,not_cdo
629,old
629,participant
629,sport
630,labs
630,mind
630,not_cdo
630,old
630,participant
630,sport
631,labs
631,mind
631,not_cdo
631,old
631,participant
631,sport
632,labs
632,mind
632,not_cdo
632,old
632,participant
632,sport
633,labs
633,mind
633,not_cdo
633,old
633,participant
633,sport
634,labs
634,mind
634,not_cdo
634,old
634,participant
634,sport
635,labs
635,mind
635,not_cdo
635,old
635,participant
635,sport
636,labs
636,mind
636,not_cdo
636,old
636,participant
636,sport
637,labs
637,mind
637,not_cdo
637,old
637,participant
637,sport
638,labs
638,mind
638,not_cdo
638,old
638,participant
638,sport
639,labs
639,mind
639,not_cdo
639,old
639,participant
639,sport
640,labs
640,mind
640,not_cdo
640,old
640,participant
640,sport
641,labs
641,mind
641,not_cdo
641,old
641,participant
641,sport
642,labs
642,mind
642,not_cdo
642,old
642,participant
642,sport
643,labs
643,mind
643,not_cdo
643,old
643,participant
643,sport
644,labs
644,mind
644,not_cdo
644,old
644,participant
644,sport
645,labs
645,mind
645,not_cdo
645,old
645,participant
645,sport
646,labs
646,mind
646,not_cdo
646,old
646,participant
646,sport
647,labs
647,mind
647,not_cdo
647,old
647,participant
647,sport
648,labs
648,mind
648,not_cdo
648,old
648,participant
648,sport
649,labs
649,mind
649,not_cdo
649,old
649,participant
649,sport
650,labs
650,mind
650,not_cdo
650,old
650,participant
650,sport
651,labs
651,mind
651,not_cdo
651,old
651,participant
651,sport
652,labs
652,mind
652,not_cdo
652,old
652,participant
652,sport
653,labs
653,mind
653,not_cdo
653,old
653,participant
653,sport
654,labs
654,mind
654,not_cdo
654,old
654,participant
654,sport
655,labs
655,mind
655,not_cdo
655,old
655,participant
655,sport
656,labs
656,mind
656,not_cdo
656,old
656,participant
656,sport
657,labs
657,mind
657,not_cdo
657,old
657,participant
657,sport
658,labs
658,mind
658,not_cdo
658,old
658,participant
658,sport
659,labs
659,mind
659,not_cdo
659,old
659,participant
659,sport
660,labs
660,mind
660,not_cdo
660,old
660,participant
660,sport
661,labs
661,mind
661,not_cdo
661,old
661,participant
661,sport
662,labs
662,mind
662,not_cdo
662,old
662,participant
662,sport
663,labs
663,mind
663,not_cdo
663,old
663,participant
663,sport
664,labs
664,mind
664,not_cdo
664,old
664,participant
664,sport
665,labs
665,mind
665,not_cdo
665,old
665,participant
665,sport
666,labs
666,mind
666,not_cdo
666,old
666,participant
666,sport
667,labs
667,mind
667,not_cdo
667,old
667,participant
667,sport
668,labs
668,mind
668,not_cdo
668,old
668,participant
668,sport
669,labs
669,mind
669,not_cdo
669,old
669,participant
669,sport
670,labs
670,mind
670,not_cdo
670,old
670,participant
670,sport
671,labs
671,mind
671,not_cdo
671,old
671,participant
671,sport
672,labs
672,mind
672,not_cdo
672,old
672,participant
672,sport
673,labs
673,mind
673,not_cdo
673,old
673,participant
673,sport
674,labs
674,mind
674,not_cdo
674,old
674,participant
674,sport
675,labs
675,mind
675,not_cdo
675,old
675,participant
675,sport
676,labs
676,mind
676,not_cdo
676,old
676,participant
676,sport
677,labs
677,mind
677,not_cdo
677,old
677,participant
677,sport
678,labs
678,mind
678,not_cdo
678,old
678,participant
678,sport
679,labs
679,mind
679,not_cdo
679,old
679,participant
679,sport
680,labs
680,mind
680,not_cdo
680,old
680,participant
680,sport
681,labs
681,mind
681,not_cdo
681,old
681,participant
681,sport
682,labs
682,mind
682,not_cdo
682,old
682,participant
682,sport
683,labs
683,mind
683,not_cdo
683,old
683,participant
683,sport
684,labs
684,mind
684,not_cdo
684,old
684,participant
684,sport
685,labs
685,mind
685,not_cdo
685,old
685,participant
685,sport
686,labs
686,mind
686,not_cdo
686,old
686,participant
686,sport
687,labs
687,mind
687,not_cdo
687,old
687,participant
687,sport
688,labs
688,mind
688,not_cdo
688,old
688,participant
688,sport
689,labs
689,mind
689,not_cdo
689,old
689,participant
689,sport
690,labs
690,mind
690,not_cdo
690,old
690,participant
690,sport
691,labs
691,mind
691,not_cdo
691,old
691,participant
691,sport
692,labs
692,mind
692,not_cdo
692,old
692,participant
692,sport
693,labs
693,mind
693,not_cdo
693,old
693,participant
693,sport
694,labs
694,mind
694,not_cdo
694,old
694,participant
694,sport
695,labs
695,mind
695,not_cdo
695,old
695,participant
695,sport
696,labs
696,mind
696,not_cdo
696,old
696,participant
696,sport
697,labs
697,mind
697,not_cdo
697,old
697,participant
697,sport
698,labs
698,mind
698,not_cdo
698,old
698,participant
698,sport
699,labs
699,mind
699,not_cdo
699,old
699,participant
699,sport
700,labs
700,mind
700,not_cdo
700,old
700,participant
700,sport
701,labs
701,mind
701,not_cdo
701,old
701,participant
701,sport
702,labs
702,mind
702,not_cdo
702,old
702,participant
702,sport
703,labs
703,mind
703,not_cdo
703,old
703,participant
703,sport
704,labs
704,mind
704,not_cdo
704,old
704,participant
704,sport
705,labs
705,mind
705,not_cdo
705,old
705,participant
705,sport
706,labs
706,mind
706,not_cdo
706,old
706,participant
706,sport
707,labs
707,mind
707,not_cdo
707,old
707,participant
707,sport
708,labs
708,mind
708,not_cdo
708,old
708,participant
708,sport
709,labs
709,mind
709,not_cdo
709,old
709,participant
709,sport
710,labs
710,mind
710,not_cdo
710,old
710,participant
710,sport
711,labs
711,mind
711,not_cdo
711,old
711,participant
711,sport
712,labs
712,mind
712,not_cdo
712,old
712,participant
712,sport
713,labs
713,mind
713,not_cdo
713,old
713,participant
713,sport
714,labs
714,mind
714,not_cdo
714,old
714,participant
714,sport
715,labs
715,mind
715,not_cdo
715,old
715,participant
715,sport
716,labs
716,mind
716,not_cdo
716,old
716,participant
716,sport
717,labs
717,mind
717,not_cdo
717,old
717,participant
717,sport
718,labs
718,mind
718,not_cdo
718,old
718,participant
718,sport
719,labs
719,mind
719,not_cdo
719,old
719,participant
719,sport
720,labs
720,mind
720,not_cdo
720,old
720,participant
720,sport
721,labs
721,mind
721,not_cdo
721,old
721,participant
721,sport
722,labs
722,mind
722,not_cdo
722,old
722,participant
722,sport
723,labs
723,mind
723,not_cdo
723,old
723,participant
723,sport
724,labs
724,mind
724,not_cdo
724,old
724,participant
724,sport
725,labs
725,mind
725,not_cdo
725,old
725,participant
725,sport
726,labs
726,mind
726,not_cdo
726,old
726,participant
726,sport
727,labs
727,mind
727,not_cdo
727,old
727,participant
727,sport
728,labs
728,mind
728,not_cdo
728,old
728,participant
728,sport
729,labs
729,mind
729,not_cdo
729,old
729,participant
729,sport
730,labs
730,mind
730,not_cdo
730,old
730,participant
730,sport
731,labs
731,mind
731,not_cdo
731,old
731,participant
731,sport
732,labs
732,mind
732,not_cdo
732,old
732,participant
732,sport
733,labs
733,mind
733,not_cdo
733,old
733,participant
733,sport
734,labs
734,mind
734,not_cdo
734,old
734,participant
734,sport
735,labs
735,mind
735,not_cdo
735,old
735,participant
735,sport
736,labs
736,mind
736,not_cdo
736,old
736,participant
736,sport
737,labs
737,mind
737,not_cdo
737,old
737,participant
737,sport
738,labs
738,mind
738,not_cdo
738,old
738,participant
738,sport
739,labs
739,mind
739,not_cdo
739,old
739,participant
739,sport
740,labs
740,mind
740,not_cdo
740,old
740,participant
740,sport
741,labs
741,mind
741,not_cdo
741,old
741,participant
741,sport
742,labs
742,mind
742,not_cdo
742,old
742,participant
742,sport
743,labs
743,mind
743,not_cdo
743,old
743,participant
743,sport
744,labs
744,mind
744,not_cdo
744,old
744,participant
744,sport
745,labs
745,mind
745,not_cdo
745,old
745,participant
745,sport
746,labs
746,mind
746,not_cdo
746,old
746,participant
746,sport
747,labs
747,mind
747,not_cdo
747,old
747,participant
747,sport
748,labs
748,mind
748,not_cdo
748,old
748,participant
748,sport
749,labs
749,mind
749,not_cdo
749,old
749,participant
749,sport
750,labs
750,mind
750,not_cdo
750,old
750,participant
750,sport
751,labs
751,mind
751,not_cdo
751,old
751,participant
751,sport
752,labs
752,mind
752,not_cdo
752,old
752,participant
752,sport
753,labs
753,mind
753,not_cdo
753,old
753,participant
753,sport
754,labs
754,mind
754,not_cdo
754,old
754,participant
754,sport
755,labs
755,mind
755,not_cdo
755,old
755,participant
755,sport
756,labs
756,mind
756,not_cdo
756,old
756,participant
756,sport
757,labs
757,mind
757,not_cdo
757,old
757,participant
757,sport
758,labs
758,mind
758,not_cdo
758,old
758,participant
758,sport
759,labs
759,mind
759,not_cdo
759,old
759,participant
759,sport
760,labs
760,mind
760,not_cdo
760,old
760,participant
760,sport
761,labs
761,mind
761,not_cdo
761,old
761,participant
761,sport
762,labs
762,mind
762,not_cdo
762,old
762,participant
762,sport
763,labs
763,mind
763,not_cdo
763,old
763,participant
763,sport
764,labs
764,mind
764,not_cdo
764,old
764,participant
764,sport
765,labs
765,mind
765,not_cdo
765,old
765,participant
765,sport
766,labs
766,mind
766,not_cdo
766,old
766,participant
766,sport
767,labs
767,mind
767,not_cdo
767,old
767,participant
767,sport
768,labs
768,mind
768,not_cdo
768,old
768,participant
768,sport
769,labs
769,mind
769,not_cdo
769,old
769,participant
769,sport
770,labs
770,mind
770,not_cdo
770,old
770,participant
770,sport
771,labs
771,mind
771,not_cdo
771,old
771,participant
771,sport
772,labs
772,mind
772,not_cdo
772,old
772,participant
772,sport
773,labs
773,mind
773,not_cdo
773,old
773,participant
773,sport
774,labs
774,mind
774,not_cdo
774,old
774,participant
774,sport
775,labs
775,mind
775,not_cdo
775,old
775,participant
775,sport
776,labs
776,mind
776,not_cdo
776,old
776,participant
776,sport
777,labs
777,mind
777,not_cdo
777,old
777,participant
777,sport
778,labs
778,mind
778,not_cdo
778,old
778,participant
778,sport
779,labs
779,mind
779,not_cdo
779,old
779,participant
779,sport
780,labs
780,mind
780,not_cdo
780,old
780,participant
780,sport
781,labs
781,mind
781,not_cdo
781,old
781,participant
781,sport
782,labs
782,mind
782,not_cdo
782,old
782,participant
782,sport
783,labs
783,mind
783,not_cdo
783,old
783,participant
783,sport
784,labs
784,mind
784,not_cdo
784,old
784,participant
784,sport
785,labs
785,mind
785,not_cdo
785,old
785,participant
785,sport
786,labs
786,mind
786,not_cdo
786,old
786,participant
786,sport
787,labs
787,mind
787,not_cdo
787,old
787,participant
787,sport
788,labs
788,mind
788,not_cdo
788,old
788,participant
788,sport
789,labs
789,mind
789,not_cdo
789,old
789,participant
789,sport
790,labs
790,mind
790,not_cdo
790,old
790,participant
790,sport
791,labs
791,mind
791,not_cdo
791,old
791,participant
791,sport
792,labs
792,mind
792,not_cdo
792,old
792,participant
792,sport
793,labs
793,mind
793,not_cdo
793,old
793,participant
793,sport
794,labs
794,mind
794,not_cdo
794,old
794,participant
794,sport
795,labs
795,mind
795,not_cdo
795,old
795,participant
795,sport
796,labs
796,mind
796,not_cdo
796,old
796,participant
796,sport
797,labs
797,mind
797,not_cdo
797,old
797,participant
797,sport
798,labs
798,mind
798,not_cdo
798,old
798,participant
798,sport
799,labs
799,mind
799,not_cdo
799,old
799,participant
799,sport
800,labs
800,mind
800,not_cdo
800,old
800,participant
800,sport
801,labs
801,mind
801,not_cdo
801,old
801,participant
801,sport
802,labs
802,mind
802,not_cdo
802,old
802,participant
802,sport
803,labs
803,mind
803,not_cdo
803,old
803,participant
803,sport
804,labs
804,mind
804,not_cdo
804,old
804,participant
804,sport
805,labs
805,mind
805,not_cdo
805,old
805,participant
805,sport
806,labs
806,mind
806,not_cdo
806,old
806,participant
806,sport
807,labs
807,mind
807,not_cdo
807,old
807,participant
807,sport
808,labs
808,mind
808,not_cdo
808,old
808,participant
808,sport
809,labs
809,mind
809,not_cdo
809,old
809,participant
809,sport
810,labs
810,mind
810,not_cdo
810,old
810,participant
810,sport
811,labs
811,mind
811,not_cdo
811,old
811,participant
811,sport
812,labs
812,mind
812,not_cdo
812,old
812,participant
812,sport
813,labs
813,mind
813,not_cdo
813,old
813,participant
813,sport
814,labs
814,mind
814,not_cdo
814,old
814,participant
814,sport
815,labs
815,mind
815,not_cdo
815,old
815,participant
815,sport
816,labs
816,mind
816,not_cdo
816,old
816,participant
816,sport
817,labs
817,mind
817,not_cdo
817,old
817,participant
817,sport
818,labs
818,mind
818,not_cdo
818,old
818,participant
818,sport
819,labs
819,mind
819,not_cdo
819,old
819,participant
819,sport
820,labs
820,mind
820,not_cdo
820,old
820,participant
820,sport
821,labs
821,mind
821,not_cdo
821,old
821,participant
821,sport
822,labs
822,mind
822,not_cdo
822,old
822,participant
822,sport
823,labs
823,mind
823,not_cdo
823,old
823,participant
823,sport
824,labs
824,mind
824,not_cdo
824,old
824,participant
824,sport
825,labs
825,mind
825,not_cdo
825,old
825,participant
825,sport
826,labs
826,mind
826,not_cdo
826,old
826,participant
826,sport
827,labs
827,mind
827,not_cdo
827,old
827,participant
827,sport
828,labs
828,mind
828,not_cdo
828,old
828,participant
828,sport
829,labs
829,mind
829,not_cdo
829,old
829,participant
829,sport
830,labs
830,mind
830,not_cdo
830,old
830,participant
830,sport
831,labs
831,mind
831,not_cdo
831,old
831,participant
831,sport
832,labs
832,mind
832,not_cdo
832,old
832,participant
832,sport
833,labs
833,mind
833,not_cdo
833,old
833,participant
833,sport
834,labs
834,mind
834,not_cdo
834,old
834,participant
834,sport
835,labs
835,mind
835,not_cdo
835,old
835,participant
835,sport
836,labs
836,mind
836,not_cdo
836,old
836,participant
836,sport
837,labs
837,mind
837,not_cdo
837,old
837,participant
837,sport
838,labs
838,mind
838,not_cdo
838,old
838,participant
838,sport
839,labs
839,mind
839,not_cdo
839,old
839,participant
839,sport
840,labs
840,mind
840,not_cdo
840,old
840,participant
840,sport
841,labs
841,mind
841,not_cdo
841,old
841,participant
841,sport
842,labs
842,mind
842,not_cdo
842,old
842,participant
842,sport
843,labs
843,mind
843,not_cdo
843,old
843,participant
843,sport
844,labs
844,mind
844,not_cdo
844,old
844,participant
844,sport
845,labs
845,mind
845,not_cdo
845,old
845,participant
845,sport
846,labs
846,mind
846,not_cdo
846,old
846,participant
846,sport
847,labs
847,mind
847,not_cdo
847,old
847,participant
847,sport
848,labs
848,mind
848,not_cdo
848,old
848,participant
848,sport
849,labs
849,mind
849,not_cdo
849,old
849,participant
849,sport
850,labs
850,mind
850,not_cdo
850,old
850,participant
850,sport
851,labs
851,mind
851,not_cdo
851,old
851,participant
851,sport
852,labs
852,mind
852,not_cdo
852,old
852,participant
852,sport
853,labs
853,mind
853,not_cdo
853,old
853,participant
853,sport
854,labs
854,mind
854,not_cdo
854,old
854,participant
854,sport
855,labs
855,mind
855,not_cdo
855,old
855,participant
855,sport
856,labs
856,mind
856,not_cdo
856,old
856,participant
856,sport
857,labs
857,mind
857,not_cdo
857,old
857,participant
857,sport
858,labs
858,mind
858,not_cdo
858,old
858,participant
858,sport
859,labs
859,mind
859,not_cdo
859,old
859,participant
859,sport
860,labs
860,mind
860,not_cdo
860,old
860,participant
860,sport
861,labs
861,mind
861,not_cdo
861,old
861,participant
861,sport
862,labs
862,mind
862,not_cdo
862,old
862,participant
862,sport
863,labs
863,mind
863,not_cdo
863,old
863,participant
863,sport
864,labs
864,mind
864,not_cdo
864,old
864,participant
864,sport
865,labs
865,mind
865,not_cdo
865,old
865,participant
865,sport
866,labs
866,mind
866,not_cdo
866,old
866,participant
866,sport
867,labs
867,mind
867,not_cdo
867,old
867,participant
867,sport
868,labs
868,mind
868,not_cdo
868,old
868,participant
868,sport
869,labs
869,mind
869,not_cdo
869,old
869,participant
869,sport
870,labs
870,mind
870,not_cdo
870,old
870,participant
870,sport
871,labs
871,mind
871,not_cdo
871,old
871,participant
871,sport
872,labs
872,mind
872,not_cdo
872,old
872,participant
872,sport
873,labs
873,mind
873,not_cdo
873,old
873,participant
873,sport
874,labs
874,mind
874,not_cdo
874,old
874,participant
874,sport
875,labs
875,mind
875,not_cdo
875,old
875,participant
875,sport
876,labs
876,mind
876,not_cdo
876,old
876,participant
876,sport
877,labs
877,mind
877,not_cdo
877,old
877,participant
877,sport
878,labs
878,mind
878,not_cdo
878,old
878,participant
878,sport
879,labs
879,mind
879,not_cdo
879,old
879,participant
879,sport
880,labs
880,mind
880,not_cdo
880,old
880,participant
880,sport
881,labs
881,mind
881,not_cdo
881,old
881,participant
881,sport
882,labs
882,mind
882,not_cdo
882,old
882,participant
882,sport
883,labs
883,mind
883,not_cdo
883,old
883,participant
883,sport
884,labs
884,mind
884,not_cdo
884,old
884,participant
884,sport
885,labs
885,mind
885,not_cdo
885,old
885,participant
885,sport
886,labs
886,mind
886,not_cdo
886,old
886,participant
886,sport
887,labs
887,mind
887,not_cdo
887,old
887,participant
887,sport
888,labs
888,mind
888,not_cdo
888,old
888,participant
888,sport
889,labs
889,mind
889,not_cdo
889,old
889,participant
889,sport
890,labs
890,mind
890,not_cdo
890,old
890,participant
890,sport
891,labs
891,mind
891,not_cdo
891,old
891,participant
891,sport
892,labs
892,mind
892,not_cdo
892,old
892,participant
892,sport
893,labs
893,mind
893,not_cdo
893,old
893,participant
893,sport
894,labs
894,mind
894,not_cdo
894,old
894,participant
894,sport
895,labs
895,mind
895,not_cdo
895,old
895,participant
895,sport
896,labs
896,mind
896,not_cdo
896,old
896,participant
896,sport
897,labs
897,mind
897,not_cdo
897,old
897,participant
897,sport
898,labs
898,mind
898,not_cdo
898,old
898,participant
898,sport
899,labs
899,mind
899,not_cdo
899,old
899,participant
899,sport
900,labs
900,mind
900,not_cdo
900,old
900,participant
900,sport
901,labs
901,mind
901,not_cdo
901,old
901,participant
901,sport
902,labs
902,mind
902,not_cdo
902,old
902,participant
902,sport
903,labs
903,mind
903,not_cdo
903,old
903,participant
903,sport
904,labs
904,mind
904,not_cdo
904,old
904,participant
904,sport
905,labs
905,mind
905,not_cdo
905,old
905,participant
905,sport
906,labs
906,mind
906,not_cdo
906,old
906,participant
906,sport
907,labs
907,mind
907,not_cdo
907,old
907,participant
907,sport
908,labs
908,mind
908,not_cdo
908,old
908,participant
908,sport
909,labs
909,mind
909,not_cdo
909,old
909,participant
909,sport
910,labs
910,mind
910,not_cdo
910,old
910,participant
910,sport
911,labs
911,mind
911,not_cdo
911,old
911,participant
911,sport
912,labs
912,mind
912,not_cdo
912,old
912,participant
912,sport
913,labs
913,mind
913,not_cdo
913,old
913,participant
913,sport
914,labs
914,mind
914,not_cdo
914,old
914,participant
914,sport
915,labs
915,mind
915,not_cdo
915,old
915,participant
915,sport
916,labs
916,mind
916,not_cdo
916,old
916,participant
916,sport
917,labs
917,mind
917,not_cdo
917,old
917,participant
917,sport
918,labs
918,mind
918,not_cdo
918,old
918,participant
918,sport
919,labs
919,mind
919,not_cdo
919,old
919,participant
919,sport
920,labs
920,mind
920,not_cdo
920,old
920,participant
920,sport
921,labs
921,mind
921,not_cdo
921,old
921,participant
921,sport
922,labs
922,mind
922,not_cdo
922,old
922,participant
922,sport
923,labs
923,mind
923,not_cdo
923,old
923,participant
923,sport
924,labs
924,mind
924,not_cdo
924,old
924,participant
924,sport
925,labs
925,mind
925,not_cdo
925,old
925,participant
925,sport
926,labs
926,mind
926,not_cdo
926,old
926,participant
926,sport
927,labs
927,mind
927,not_cdo
927,old
927,participant
927,sport
928,labs
928,mind
928,not_cdo
928,old
928,participant
928,sport
929,labs
929,mind
929,not_cdo
929,old
929,participant
929,sport
930,labs
930,mind
930,not_cdo
930,old
930,participant
930,sport
931,labs
931,mind
931,not_cdo
931,old
931,participant
931,sport
932,labs
932,mind
932,not_cdo
932,old
932,participant
932,sport
933,labs
933,mind
933,not_cdo
933,old
933,participant
933,sport
934,labs
934,mind
934,not_cdo
934,old
934,participant
934,sport
935,labs
935,mind
935,not_cdo
935,old
935,participant
935,sport
936,labs
936,mind
936,not_cdo
936,old
936,participant
936,sport
937,labs
937,mind
937,not_cdo
937,old
937,participant
937,sport
938,labs
938,mind
938,not_cdo
938,old
938,participant
938,sport
939,labs
939,mind
939,not_cdo
939,old
939,participant
939,sport
940,labs
940,mind
940,not_cdo
940,old
940,participant
940,sport
941,labs
941,mind
941,not_cdo
941,old
941,participant
941,sport
942,labs
942,mind
942,not_cdo
942,old
942,participant
942,sport
943,labs
943,mind
943,not_cdo
943,old
943,participant
943,sport
944,labs
944,mind
944,not_cdo
944,old
944,participant
944,sport
945,labs
945,mind
945,not_cdo
945,old
945,participant
945,sport
946,labs
946,mind
946,not_cdo
946,old
946,participant
946,sport
947,labs
947,mind
947,not_cdo
947,old
947,participant
947,sport
948,labs
948,mind
948,not_cdo
948,old
948,participant
948,sport
949,labs
949,mind
949,not_cdo
949,old
949,participant
949,sport
950,labs
950,mind
950,not_cdo
950,old
950,participant
950,sport
951,labs
951,mind
951,not_cdo
951,old
951,participant
951,sport
952,labs
952,mind
952,not_cdo
952,old
952,participant
952,sport
953,labs
953,mind
953,not_cdo
953,old
953,participant
953,sport
954,labs
954,mind
954,not_cdo
954,old
954,participant
954,sport
955,labs
955,mind
955,not_cdo
955,old
955,participant
955,sport
956,labs
956,mind
956,not_cdo
956,old
956,participant
956,sport
957,labs
957,mind
957,not_cdo
957,old
957,participant
957,sport
958,labs
958,mind
958,not_cdo
958,old
958,participant
958,sport
959,labs
959,mind
959,not_cdo
959,old
959,participant
959,sport
960,labs
960,mind
960,not_cdo
960,old
960,participant
960,sport
961,labs
961,mind
961,not_cdo
961,old
961,participant
961,sport
962,labs
962,mind
962,not_cdo
962,old
962,participant
962,sport
963,labs
963,mind
963,not_cdo
963,old
963,participant
963,sport
964,labs
964,mind
964,not_cdo
964,old
964,participant
964,sport
965,labs
965,mind
965,not_cdo
965,old
965,participant
965,sport
966,labs
966,mind
966,not_cdo
966,old
966,participant
966,sport
967,labs
967,mind
967,not_cdo
967,old
967,participant
967,sport
968,labs
968,mind
968,not_cdo
968,old
968,participant
968,sport
969,labs
969,mind
969,not_cdo
969,old
969,participant
969,sport
970,labs
970,mind
970,not_cdo
970,old
970,participant
970,sport
971,labs
971,mind
971,not_cdo
971,old
971,participant
971,sport
972,labs
972,mind
972,not_cdo
972,old
972,participant
972,sport
973,labs
973,mind
973,not_cdo
973,old
973,participant
973,sport
974,labs
974,mind
974,not_cdo
974,old
974,participant
974,sport
975,labs
975,mind
975,not_cdo
975,old
975,participant
975,sport
976,labs
976,mind
976,not_cdo
976,old
976,participant
976,sport
977,labs
977,mind
977,not_cdo
977,old
977,participant
977,sport
978,labs
978,mind
978,not_cdo
978,old
978,participant
978,sport
979,labs
979,mind
979,not_cdo
979,old
979,participant
979,sport
980,labs
980,mind
980,not_cdo
980,old
980,participant
980,sport
981,labs
981,mind
981,not_cdo
981,old
981,participant
981,sport
982,labs
982,mind
982,not_cdo
982,old
982,participant
982,sport
983,labs
983,mind
983,not_cdo
983,old
983,participant
983,sport
984,labs
984,mind
984,not_cdo
984,old
984,participant
984,sport
985,labs
985,mind
985,not_cdo
985,old
985,participant
985,sport
986,labs
986,mind
986,not_cdo
986,old
986,participant
986,sport
987,labs
987,mind
987,not_cdo
987,old
987,participant
987,sport
988,labs
988,mind
988,not_cdo
988,old
988,participant
988,sport
989,labs
989,mind
989,not_cdo
989,old
989,participant
989,sport
990,labs
990,mind
990,not_cdo
990,old
990,participant
990,sport
991,labs
991,mind
991,not_cdo
991,old
991,participant
991,sport
992,labs
992,mind
992,not_cdo
992,old
992,participant
992,sport
993,labs
993,mind
993,not_cdo
993,old
993,participant
993,sport
994,labs
994,mind
994,not_cdo
994,old
994,participant
994,sport
995,labs
995,mind
995,not_cdo
995,old
995,participant
995,sport
996,labs
996,mind
996,not_cdo
996,old
996,participant
996,sport
997,labs
997,mind
997,not_cdo
997,old
997,participant
997,sport
998,labs
998,mind
998,not_cdo
998,old
998,participant
998,sport
999,labs
999,mind
999,not_cdo
999,old
999,participant
999,sport
1000,labs
1000,mind
1000,not_cdo
1000,old
1000,participant
1000,sport
1001,labs
1001,mind
1001,not_cdo
1001,old
1001,participant
1001,sport
1002,labs
1002,mind
1002,not_cdo
1002,old
1002,participant
1002,sport
1003,labs
1003,mind
1003,not_cdo
1003,old
1003,participant
1003,sport
1004,labs
1004,mind
1004,not_cdo
1004,old
1004,participant
1004,sport
1005,labs
1005,mind
1005,not_cdo
1005,old
1005,participant
1005,sport
1006,labs
1006,mind
1006,not_cdo
1006,old
1006,participant
1006,sport
1007,labs
1007,mind
1007,not_cdo
1007,old
1007,participant
1007,sport
1008,labs
1008,mind
1008,not_cdo
1008,old
1008,participant
1008,sport
1009,labs
1009,mind
1009,not_cdo
1009,old
1009,participant
1009,sport
1010,labs
1010,mind
1010,not_cdo
1010,old
1010,participant
1010,sport
1011,labs
1011,mind
1011,not_cdo
1011,old
1011,participant
1011,sport
1012,labs
1012,mind
1012,not_cdo
1012,old
1012,participant
1012,sport
1013,labs
1013,mind
1013,not_cdo
1013,old
1013,participant
1013,sport
1014,labs
1014,mind
1014,not_cdo
1014,old
1014,participant
1014,sport
1015,labs
1015,mind
1015,not_cdo
1015,old
1015,participant
1015,sport
1016,labs
1016,mind
1016,not_cdo
1016,old
1016,participant
1016,sport
1017,labs
1017,mind
1017,not_cdo
1017,old
1017,participant
1017,sport
1018,labs
1018,mind
1018,not_cdo
1018,old
1018,participant
1018,sport
1019,labs
1019,mind
1019,not_cdo
1019,old
1019,participant
1019,sport
1020,labs
1020,mind
1020,not_cdo
1020,old
1020,participant
1020,sport
1021,labs
1021,mind
1021,not_cdo
1021,old
1021,participant
1021,sport
1022,labs
1022,mind
1022,not_cdo
1022,old
1022,participant
1022,sport
1023,cdo
1023,old
1023,participant
1023,sport
1024,labs
1024,mind
1024,not_cdo
1024,old
1024,participant
1024,sport
1025,labs
1025,mind
1025,not_cdo
1025,old
1025,participant
1025,sport
1026,labs
1026,mind
1026,not_cdo
1026,old
1026,participant
1026,sport
1027,labs
1027,mind
1027,not_cdo
1027,old
1027,participant
1027,sport
1028,labs
1028,mind
1028,not_cdo
1028,old
1028,participant
1028,sport
1029,labs
1029,mind
1029,not_cdo
1029,old
1029,participant
1029,sport
1030,labs
1030,mind
1030,not_cdo
1030,old
1030,participant
1030,sport
1031,labs
1031,mind
1031,not_cdo
1031,old
1031,participant
1031,sport
1032,labs
1032,mind
1032,not_cdo
1032,old
1032,participant
1032,sport
1033,labs
1033,mind
1033,not_cdo
1033,old
1033,participant
1033,sport
1034,labs
1034,mind
1034,not_cdo
1034,old
1034,participant
1034,sport
1035,labs
1035,mind
1035,not_cdo
1035,old
1035,participant
1035,sport
1036,labs
1036,mind
1036,not_cdo
1036,old
1036,participant
1036,sport
1037,labs
1037,mind
1037,not_cdo
1037,old
1037,participant
1037,sport
1038,labs
1038,mind
1038,not_cdo
1038,old
1038,participant
1038,sport
1039,labs
1039,mind
1039,not_cdo
1039,old
1039,participant
1039,sport
1040,labs
1040,mind
1040,not_cdo
1040,old
1040,participant
1040,sport
1041,labs
1041,mind
1041,not_cdo
1041,old
1041,participant
1041,sport
1042,labs
1042,mind
1042,not_cdo
1042,old
1042,sport
1043,labs
1043,mind
1043,not_cdo
1043,old
1043,participant
1043,sport
1044,labs
1044,mind
1044,not_cdo
1044,old
1044,sport
1045,labs
1045,mind
1045,not_cdo
1045,old
1045,sport
1046,labs
1046,mind
1046,not_cdo
1046,old
1046,sport
1047,labs
1047,mind
1047,not_cdo
1047,old
1047,sport
1048,labs
1048,mind
1048,not_cdo
1048,old
1048,participant
1048,sport
1049,labs
1049,mind
1049,not_cdo
1049,old
1049,participant
1049,sport
1050,labs
1050,mind
1050,not_cdo
1050,old
1050,participant
1050,sport
1051,labs
1051,mind
1051,not_cdo
1051,old
1051,participant
1051,sport
1052,labs
1052,mind
1052,not_cdo
1052,old
1052,participant
1052,sport
1053,labs
1053,mind
1053,not_cdo
1053,old
1053,participant
1053,sport
1054,labs
1054,mind
1054,not_cdo
1054,old
1054,participant
1054,sport
1055,labs
1055,mind
1055,not_cdo
1055,old
1055,sport
1056,labs
1056,mind
1056,not_cdo
1056,old
1056,sport
1057,labs
1057,mind
1057,not_cdo
1057,old
1057,sport
1058,labs
1058,mind
1058,not_cdo
1058,old
1058,sport
1059,labs
1059,mind
1059,not_cdo
1059,old
1059,sport
1060,labs
1060,mind
1060,not_cdo
1060,old
1060,sport
1061,labs
1061,mind
1061,not_cdo
1061,old
1061,sport
1062,labs
1062,mind
1062,not_cdo
1062,old
1062,sport
1063,labs
1063,mind
1063,not_cdo
1063,old
1063,sport
1064,labs
1064,mind
1064,not_cdo
1064,old
1064,sport
1065,labs
1065,mind
1065,not_cdo
1065,old
1065,sport
1066,labs
1066,mind
1066,not_cdo
1066,old
1066,sport
1067,labs
1067,mind
1067,not_cdo
1067,old
1067,sport
1068,labs
1068,mind
1068,not_cdo
1068,old
1068,sport
1069,labs
1069,mind
1069,not_cdo
1069,old
1069,sport
1070,labs
1070,mind
1070,not_cdo
1070,old
1070,sport
1071,labs
1071,mind
1071,not_cdo
1071,old
1071,sport
1072,labs
1072,mind
1072,not_cdo
1072,old
1072,sport
1073,cdo
1073,old
1073,participant
1073,sport
1074,labs
1074,mind
1074,not_cdo
1074,old
1074,sport
1075,labs
1075,mind
1075,not_cdo
1075,old
1075,sport
1076,labs
1076,mind
1076,not_cdo
1076,old
1076,sport
1077,labs
1077,mind
1077,not_cdo
1077,old
1077,sport
1078,labs
1078,mind
1078,not_cdo
1078,old
1078,sport
1079,labs
1079,mind
1079,not_cdo
1079,old
1079,sport
1080,labs
1080,mind
1080,not_cdo
1080,old
1080,sport
1081,labs
1081,mind
1081,not_cdo
1081,old
1081,sport
1082,labs
1082,mind
1082,not_cdo
1082,old
1082,sport
1083,labs
1083,mind
1083,not_cdo
1083,old
1083,sport
1084,labs
1084,mind
1084,not_cdo
1084,old
1084,sport
1085,labs
1085,mind
1085,not_cdo
1085,old
1085,sport
1086,labs
1086,mind
1086,not_cdo
1086,old
1086,sport
1087,labs
1087,mind
1087,not_cdo
1087,old
1087,sport
1088,labs
1088,mind
1088,not_cdo
1088,old
1088,sport
1089,labs
1089,mind
1089,not_cdo
1089,old
1089,sport
1090,labs
1090,mind
1090,not_cdo
1090,old
1090,sport
1091,labs
1091,mind
1091,not_cdo
1091,old
1091,sport
1092,labs
1092,mind
1092,not_cdo
1092,old
1092,sport
1093,labs
1093,mind
1093,not_cdo
1093,old
1093,sport
1094,labs
1094,mind
1094,not_cdo
1094,old
1094,sport
1095,labs
1095,mind
1095,not_cdo
1095,old
1095,sport
1096,labs
1096,mind
1096,not_cdo
1096,old
1096,sport
1097,labs
1097,mind
1097,not_cdo
1097,old
1097,sport
1098,labs
1098,mind
1098,not_cdo
1098,old
1098,sport
1099,labs
1099,mind
1099,not_cdo
1099,old
1099,sport
1100,labs
1100,mind
1100,not_cdo
1100,old
1100,sport
1101,labs
1101,mind
1101,not_cdo
1101,old
1101,sport
1102,labs
1102,mind
1102,not_cdo
1102,old
1102,sport
1103,labs
1103,mind
1103,not_cdo
1103,old
1103,sport
1104,labs
1104,mind
1104,not_cdo
1104,old
1104,sport
1105,labs
1105,mind
1105,not_cdo
1105,old
1105,sport
1106,labs
1106,mind
1106,not_cdo
1106,old
1106,sport
1107,labs
1107,mind
1107,not_cdo
1107,old
1107,sport
1108,labs
1108,mind
1108,not_cdo
1108,old
1108,sport
1109,labs
1109,mind
1109,not_cdo
1109,old
1109,sport
1110,labs
1110,mind
1110,not_cdo
1110,old
1110,sport
1111,labs
1111,mind
1111,not_cdo
1111,old
1111,sport
1112,labs
1112,mind
1112,not_cdo
1112,old
1112,sport
1113,labs
1113,mind
1113,not_cdo
1113,old
1113,sport
1114,labs
1114,mind
1114,not_cdo
1114,old
1114,sport
1115,labs
1115,mind
1115,not_cdo
1115,old
1115,sport
1116,labs
1116,mind
1116,not_cdo
1116,old
1116,sport
1117,labs
1117,mind
1117,not_cdo
1117,old
1117,sport
1118,labs
1118,mind
1118,not_cdo
1118,old
1118,sport
1119,labs
1119,mind
1119,not_cdo
1119,old
1119,sport
1120,labs
1120,mind
1120,not_cdo
1120,old
1120,participant
1120,sport
1121,labs
1121,mind
1121,not_cdo
1121,old
1121,sport
1122,labs
1122,mind
1122,not_cdo
1122,old
1122,participant
1122,sport
1123,labs
1123,mind
1123,not_cdo
1123,old
1123,sport
1124,labs
1124,mind
1124,not_cdo
1124,old
1124,sport
1125,labs
1125,mind
1125,not_cdo
1125,old
1125,sport
1126,labs
1126,mind
1126,not_cdo
1126,old
1126,sport
1127,labs
1127,mind
1127,not_cdo
1127,old
1127,sport
1128,labs
1128,mind
1128,not_cdo
1128,old
1128,sport
1129,labs
1129,mind
1129,not_cdo
1129,old
1129,sport
1130,labs
1130,mind
1130,not_cdo
1130,old
1130,sport
1131,labs
1131,mind
1131,not_cdo
1131,old
1131,sport
1132,labs
1132,mind
1132,not_cdo
1132,old
1132,sport
1133,labs
1133,mind
1133,not_cdo
1133,old
1133,sport
1134,labs
1134,mind
1134,not_cdo
1134,old
1134,sport
1135,labs
1135,mind
1135,not_cdo
1135,old
1135,sport
1136,labs
1136,mind
1136,not_cdo
1136,old
1136,sport
1137,labs
1137,mind
1137,not_cdo
1137,old
1137,sport
1138,labs
1138,mind
1138,not_cdo
1138,old
1138,sport
1139,labs
1139,mind
1139,not_cdo
1139,old
1139,sport
1140,labs
1140,mind
1140,not_cdo
1140,old
1140,sport
1141,labs
1141,mind
1141,not_cdo
1141,old
1141,sport
1142,labs
1142,mind
1142,not_cdo
1142,old
1142,sport
1143,labs
1143,mind
1143,not_cdo
1143,old
1143,sport
1144,labs
1144,mind
1144,not_cdo
1144,old
1144,sport
1145,labs
1145,mind
1145,not_cdo
1145,old
1145,sport
1146,not_cdo
1147,not_cdo
1148,not_cdo
1149,not_cdo
1156,participant
1157,participant
